{
  "a_fork": {
    "1252|1|class|0.05": 1.0,
    "1252|1|class|0.3": 1.0,
    "1252|1|class|0.6": 1.0,
    "1252|1|class|0.9": 1.0,
    "1252|1|presence|0.05": 1.0,
    "1252|1|presence|0.3": 1.0,
    "1252|1|presence|0.6": 1.0,
    "1252|1|presence|0.9": 1.0,
    "1252|4.5|class|0.05": 0.0,
    "1252|4.5|class|0.3": 0.0,
    "1252|4.5|class|0.6": 0.0,
    "1252|4.5|class|0.9": 0.0,
    "1252|4.5|presence|0.05": 1.0,
    "1252|4.5|presence|0.3": 1.0,
    "1252|4.5|presence|0.6": 1.0,
    "1252|4.5|presence|0.9": 1.0,
    "1593|1|class|0.05": 0.0,
    "1593|1|class|0.3": 0.0,
    "1593|1|class|0.6": 0.0,
    "1593|1|class|0.9": 0.0,
    "1593|1|presence|0.05": 0.75,
    "1593|1|presence|0.3": 0.5714285714285714,
    "1593|1|presence|0.6": 1.0,
    "1593|1|presence|0.9": 1.0,
    "1593|4.5|class|0.05": 1.0,
    "1593|4.5|class|0.3": 1.0,
    "1593|4.5|class|0.6": 0.0,
    "1593|4.5|class|0.9": 0.0,
    "1593|4.5|presence|0.05": 1.0,
    "1593|4.5|presence|0.3": 1.0,
    "1593|4.5|presence|0.6": 1.0,
    "1593|4.5|presence|0.9": 1.0,
    "1610|1|class|0.05": 0.0,
    "1610|1|class|0.3": 0.0,
    "1610|1|class|0.6": 1.0,
    "1610|1|class|0.9": 1.0,
    "1610|1|presence|0.05": 1.0,
    "1610|1|presence|0.3": 1.0,
    "1610|1|presence|0.6": 1.0,
    "1610|1|presence|0.9": 1.0,
    "1610|4.5|class|0.05": 0.0,
    "1610|4.5|class|0.3": 0.0,
    "1610|4.5|class|0.6": 0.0,
    "1610|4.5|class|0.9": 0.0,
    "1610|4.5|presence|0.05": 0.75,
    "1610|4.5|presence|0.3": 0.75,
    "1610|4.5|presence|0.6": 0.75,
    "1610|4.5|presence|0.9": 1.0,
    "2260|1|class|0.05": 1.0,
    "2260|1|class|0.3": 1.0,
    "2260|1|class|0.6": 1.0,
    "2260|1|class|0.9": 1.0,
    "2260|1|presence|0.05": 1.0,
    "2260|1|presence|0.3": 1.0,
    "2260|1|presence|0.6": 1.0,
    "2260|1|presence|0.9": 1.0,
    "2260|4.5|class|0.05": 0.0,
    "2260|4.5|class|0.3": 1.0,
    "2260|4.5|class|0.6": 1.0,
    "2260|4.5|class|0.9": 1.0,
    "2260|4.5|presence|0.05": 1.0,
    "2260|4.5|presence|0.3": 1.0,
    "2260|4.5|presence|0.6": 1.0,
    "2260|4.5|presence|0.9": 1.0,
    "2322|1|class|0.05": 1.0,
    "2322|1|class|0.3": 1.0,
    "2322|1|class|0.6": 1.0,
    "2322|1|class|0.9": 1.0,
    "2322|1|presence|0.05": 1.0,
    "2322|1|presence|0.3": 1.0,
    "2322|1|presence|0.6": 1.0,
    "2322|1|presence|0.9": 1.0,
    "2322|4.5|class|0.05": 0.0,
    "2322|4.5|class|0.3": 0.0,
    "2322|4.5|class|0.6": 0.0,
    "2322|4.5|class|0.9": 0.0,
    "2322|4.5|presence|0.05": 0.4642857142857143,
    "2322|4.5|presence|0.3": 1.0,
    "2322|4.5|presence|0.6": 0.75,
    "2322|4.5|presence|0.9": 1.0,
    "2569|1|class|0.05": 0.0,
    "2569|1|class|0.3": 1.0,
    "2569|1|class|0.6": 1.0,
    "2569|1|class|0.9": 1.0,
    "2569|1|presence|0.05": 1.0,
    "2569|1|presence|0.3": 1.0,
    "2569|1|presence|0.6": 1.0,
    "2569|1|presence|0.9": 1.0,
    "2569|4.5|class|0.05": 1.0,
    "2569|4.5|class|0.3": 1.0,
    "2569|4.5|class|0.6": 1.0,
    "2569|4.5|class|0.9": 1.0,
    "2569|4.5|presence|0.05": 1.0,
    "2569|4.5|presence|0.3": 1.0,
    "2569|4.5|presence|0.6": 1.0,
    "2569|4.5|presence|0.9": 1.0,
    "2741|1|class|0.05": 0.0,
    "2741|1|class|0.3": 0.0,
    "2741|1|class|0.6": 1.0,
    "2741|1|class|0.9": 0.0,
    "2741|1|presence|0.05": 0.5714285714285714,
    "2741|1|presence|0.3": 1.0,
    "2741|1|presence|0.6": 1.0,
    "2741|1|presence|0.9": 1.0,
    "2741|4.5|class|0.05": 0.0,
    "2741|4.5|class|0.3": 0.0,
    "2741|4.5|class|0.6": 0.0,
    "2741|4.5|class|0.9": 0.0,
    "2741|4.5|presence|0.05": 1.0,
    "2741|4.5|presence|0.3": 1.0,
    "2741|4.5|presence|0.6": 1.0,
    "2741|4.5|presence|0.9": 0.75,
    "2797|1|class|0.05": 0.0,
    "2797|1|class|0.3": 0.0,
    "2797|1|class|0.6": 0.0,
    "2797|1|class|0.9": 0.0,
    "2797|1|presence|0.05": 1.0,
    "2797|1|presence|0.3": 1.0,
    "2797|1|presence|0.6": 1.0,
    "2797|1|presence|0.9": 1.0,
    "2797|4.5|class|0.05": 0.0,
    "2797|4.5|class|0.3": 1.0,
    "2797|4.5|class|0.6": 1.0,
    "2797|4.5|class|0.9": 1.0,
    "2797|4.5|presence|0.05": 1.0,
    "2797|4.5|presence|0.3": 1.0,
    "2797|4.5|presence|0.6": 1.0,
    "2797|4.5|presence|0.9": 1.0,
    "4053|1|class|0.05": 1.0,
    "4053|1|class|0.3": 1.0,
    "4053|1|class|0.6": 0.0,
    "4053|1|class|0.9": 0.0,
    "4053|1|presence|0.05": 1.0,
    "4053|1|presence|0.3": 1.0,
    "4053|1|presence|0.6": 1.0,
    "4053|1|presence|0.9": 1.0,
    "4053|4.5|class|0.05": 1.0,
    "4053|4.5|class|0.3": 1.0,
    "4053|4.5|class|0.6": 1.0,
    "4053|4.5|class|0.9": 1.0,
    "4053|4.5|presence|0.05": 1.0,
    "4053|4.5|presence|0.3": 1.0,
    "4053|4.5|presence|0.6": 1.0,
    "4053|4.5|presence|0.9": 1.0,
    "4443|1|class|0.05": 0.0,
    "4443|1|class|0.3": 0.0,
    "4443|1|class|0.6": 0.0,
    "4443|1|class|0.9": 0.0,
    "4443|1|presence|0.05": 0.42857142857142855,
    "4443|1|presence|0.3": 0.5714285714285714,
    "4443|1|presence|0.6": 0.5714285714285714,
    "4443|1|presence|0.9": 0.4642857142857143,
    "4443|4.5|class|0.05": 0.0,
    "4443|4.5|class|0.3": 0.0,
    "4443|4.5|class|0.6": 0.0,
    "4443|4.5|class|0.9": 1.0,
    "4443|4.5|presence|0.05": 0.5714285714285714,
    "4443|4.5|presence|0.3": 0.42857142857142855,
    "4443|4.5|presence|0.6": 0.4642857142857143,
    "4443|4.5|presence|0.9": 1.0,
    "4541|1|class|0.05": 0.0,
    "4541|1|class|0.3": 0.0,
    "4541|1|class|0.6": 1.0,
    "4541|1|class|0.9": 1.0,
    "4541|1|presence|0.05": 1.0,
    "4541|1|presence|0.3": 1.0,
    "4541|1|presence|0.6": 1.0,
    "4541|1|presence|0.9": 1.0,
    "4541|4.5|class|0.05": 0.0,
    "4541|4.5|class|0.3": 0.0,
    "4541|4.5|class|0.6": 0.0,
    "4541|4.5|class|0.9": 0.0,
    "4541|4.5|presence|0.05": 1.0,
    "4541|4.5|presence|0.3": 1.0,
    "4541|4.5|presence|0.6": 1.0,
    "4541|4.5|presence|0.9": 1.0,
    "655|1|class|0.05": 0.0,
    "655|1|class|0.3": 0.0,
    "655|1|class|0.6": 0.0,
    "655|1|class|0.9": 0.0,
    "655|1|presence|0.05": 0.4642857142857143,
    "655|1|presence|0.3": 0.5714285714285714,
    "655|1|presence|0.6": 0.75,
    "655|1|presence|0.9": 1.0,
    "655|4.5|class|0.05": 0.0,
    "655|4.5|class|0.3": 0.0,
    "655|4.5|class|0.6": 0.0,
    "655|4.5|class|0.9": 0.0,
    "655|4.5|presence|0.05": 0.5714285714285714,
    "655|4.5|presence|0.3": 0.75,
    "655|4.5|presence|0.6": 0.75,
    "655|4.5|presence|0.9": 0.75,
    "794|1|class|0.05": 1.0,
    "794|1|class|0.3": 1.0,
    "794|1|class|0.6": 1.0,
    "794|1|class|0.9": 1.0,
    "794|1|presence|0.05": 1.0,
    "794|1|presence|0.3": 1.0,
    "794|1|presence|0.6": 1.0,
    "794|1|presence|0.9": 1.0,
    "794|4.5|class|0.05": 1.0,
    "794|4.5|class|0.3": 1.0,
    "794|4.5|class|0.6": 1.0,
    "794|4.5|class|0.9": 1.0,
    "794|4.5|presence|0.05": 1.0,
    "794|4.5|presence|0.3": 1.0,
    "794|4.5|presence|0.6": 1.0,
    "794|4.5|presence|0.9": 1.0,
    "832|1|class|0.05": 1.0,
    "832|1|class|0.3": 1.0,
    "832|1|class|0.6": 1.0,
    "832|1|class|0.9": 1.0,
    "832|1|presence|0.05": 1.0,
    "832|1|presence|0.3": 1.0,
    "832|1|presence|0.6": 1.0,
    "832|1|presence|0.9": 1.0,
    "832|4.5|class|0.05": 1.0,
    "832|4.5|class|0.3": 1.0,
    "832|4.5|class|0.6": 1.0,
    "832|4.5|class|0.9": 1.0,
    "832|4.5|presence|0.05": 1.0,
    "832|4.5|presence|0.3": 1.0,
    "832|4.5|presence|0.6": 1.0,
    "832|4.5|presence|0.9": 1.0,
    "894|1|class|0.05": 0.0,
    "894|1|class|0.3": 0.0,
    "894|1|class|0.6": 1.0,
    "894|1|class|0.9": 1.0,
    "894|1|presence|0.05": 1.0,
    "894|1|presence|0.3": 1.0,
    "894|1|presence|0.6": 1.0,
    "894|1|presence|0.9": 1.0,
    "894|4.5|class|0.05": 1.0,
    "894|4.5|class|0.3": 1.0,
    "894|4.5|class|0.6": 1.0,
    "894|4.5|class|0.9": 1.0,
    "894|4.5|presence|0.05": 1.0,
    "894|4.5|presence|0.3": 1.0,
    "894|4.5|presence|0.6": 1.0,
    "894|4.5|presence|0.9": 1.0,
    "926|1|class|0.05": 0.0,
    "926|1|class|0.3": 1.0,
    "926|1|class|0.6": 1.0,
    "926|1|class|0.9": 1.0,
    "926|1|presence|0.05": 0.75,
    "926|1|presence|0.3": 1.0,
    "926|1|presence|0.6": 1.0,