{
  "_doc": "Arc-3 Tier-B B1 class readability (pre-reg \u00a7B1) \u2014 NON-GATING. Linear ridge baseline + MLP (1x256 ReLU, wd 1e-3, early-stopped) on cached cfg=1.0 pooled per-layer features, frozen 60/40 split. labels = each independent's measured final class self-target (verbatim, incl. 'abstain'), matching Track-P.",
  "tag": "p1cfg1",
  "theta_read": 0.7,
  "margin": 0.15,
  "n_layers": 12,
  "s_grid": [
    0.05,
    0.15,
    0.25,
    0.35,
    0.45,
    0.6,
    0.75,
    0.9
  ],
  "s_readout_external_ref": 0.75,
  "counts": {
    "train": {
      "0.05": 2016,
      "0.15": 2016,
      "0.25": 2016,
      "0.35": 2016,
      "0.45": 2016,
      "0.60": 2016,
      "0.75": 2016,
      "0.90": 2016
    },
    "eval": {
      "0.05": 1184,
      "0.15": 1184,
      "0.25": 1184,
      "0.35": 1184,
      "0.45": 1184,
      "0.60": 1184,
      "0.75": 1184,
      "0.90": 1184
    },
    "missing_feat": 0,
    "missing_label": 0
  },
  "chance_by_s": {
    "0.05": 0.31925675675675674,
    "0.15": 0.31925675675675674,
    "0.25": 0.31925675675675674,
    "0.35": 0.31925675675675674,
    "0.45": 0.31925675675675674,
    "0.60": 0.31925675675675674,
    "0.75": 0.31925675675675674,
    "0.90": 0.31925675675675674
  },
  "best_acc_by_s": {
    "0.05": 0.33868243243243246,
    "0.15": 0.3766891891891892,
    "0.25": 0.3935810810810811,
    "0.35": 0.4214527027027027,
    "0.45": 0.4510135135135135,
    "0.60": 0.44003378378378377,
    "0.75": 0.44256756756756754,
    "0.90": 0.4467905405405405
  },
  "best_spec_by_s": {
    "0.05": {
      "probe": "mlp",
      "layer": 8,
      "acc": 0.33868243243243246
    },
    "0.15": {
      "probe": "mlp",
      "layer": 9,
      "acc": 0.3766891891891892
    },
    "0.25": {
      "probe": "mlp",
      "layer": 9,
      "acc": 0.3935810810810811
    },
    "0.35": {
      "probe": "mlp",
      "layer": 9,
      "acc": 0.4214527027027027
    },
    "0.45": {
      "probe": "mlp",
      "layer": 7,
      "acc": 0.4510135135135135
    },
    "0.60": {
      "probe": "mlp",
      "layer": 4,
      "acc": 0.44003378378378377
    },
    "0.75": {
      "probe": "mlp",
      "layer": 6,
      "acc": 0.44256756756756754
    },
    "0.90": {
      "probe": "mlp",
      "layer": 3,
      "acc": 0.4467905405405405
    }
  },
  "ridge_best_by_s": {
    "0.05": 0.30574324324324326,
    "0.15": 0.34375,
    "0.25": 0.38513513513513514,
    "0.35": 0.3935810810810811,
    "0.45": 0.41469594594594594,
    "0.60": 0.4341216216216216,
    "0.75": 0.4375,
    "0.90": 0.4231418918918919
  },
  "mlp_best_by_s": {
    "0.05": 0.33868243243243246,
    "0.15": 0.3766891891891892,
    "0.25": 0.3935810810810811,
    "0.35": 0.4214527027027027,
    "0.45": 0.4510135135135135,
    "0.60": 0.44003378378378377,
    "0.75": 0.44256756756756754,
    "0.90": 0.4467905405405405
  },
  "per_s_per_layer": {
    "0.05": {
      "ridge": {
        "0": 0.23564189189189189,
        "1": 0.23564189189189189,
        "2": 0.21199324324324326,
        "3": 0.27871621621621623,
        "4": 0.28885135135135137,
        "5": 0.2795608108108108,
        "6": 0.30574324324324326,
        "7": 0.28969594594594594,
        "8": 0.2989864864864865,
        "9": 0.2989864864864865,
        "10": 0.28547297297297297,
        "11": 0.28040540540540543
      },
      "mlp": {
        "0": 0.30489864864864863,
        "1": 0.30236486486486486,
        "2": 0.32010135135135137,
        "3": 0.3260135135135135,
        "4": 0.3310810810810811,
        "5": 0.3302364864864865,
        "6": 0.31925675675675674,
        "7": 0.3268581081081081,
        "8": 0.33868243243243246,
        "9": 0.33868243243243246,
        "10": 0.30236486486486486,
        "11": 0.31841216216216217
      }
    },
    "0.15": {
      "ridge": {
        "0": 0.22719594594594594,
        "1": 0.25,
        "2": 0.2491554054054054,
        "3": 0.2922297297297297,
        "4": 0.30996621621621623,
        "5": 0.2964527027027027,
        "6": 0.3260135135135135,
        "7": 0.30236486486486486,
        "8": 0.30405405405405406,
        "9": 0.2939189189189189,
        "10": 0.33868243243243246,
        "11": 0.34375
      },
      "mlp": {
        "0": 0.3158783783783784,
        "1": 0.31841216216216217,
        "2": 0.33699324324324326,
        "3": 0.3260135135135135,
        "4": 0.34797297297297297,
        "5": 0.33530405405405406,
        "6": 0.3471283783783784,
        "7": 0.33614864864864863,
        "8": 0.34121621621621623,
        "9": 0.3766891891891892,
        "10": 0.3530405405405405,
        "11": 0.3657094594594595
      }
    },
    "0.25": {
      "ridge": {
        "0": 0.23310810810810811,
        "1": 0.24662162162162163,
        "2": 0.2846283783783784,
        "3": 0.30489864864864863,
        "4": 0.32263513513513514,
        "5": 0.3344594594594595,
        "6": 0.3716216216216216,
        "7": 0.35050675675675674,
        "8": 0.3606418918918919,
        "9": 0.3589527027027027,
        "10": 0.38513513513513514,
        "11": 0.3733108108108108
      },
      "mlp": {
        "0": 0.31334459459459457,
        "1": 0.3217905405405405,
        "2": 0.34375,
        "3": 0.33361486486486486,
        "4": 0.36486486486486486,
        "5": 0.3471283783783784,
        "6": 0.3640202702702703,
        "7": 0.36824324324324326,
        "8": 0.36824324324324326,
        "9": 0.3935810810810811,
        "10": 0.37415540540540543,
        "11": 0.36739864864864863
      }
    },
    "0.35": {
      "ridge": {
        "0": 0.2592905405405405,
        "1": 0.2685810810810811,
        "2": 0.3158783783783784,
        "3": 0.34628378378378377,
        "4": 0.3623310810810811,
        "5": 0.3859797297297297,
        "6": 0.38175675675675674,
        "7": 0.3935810810810811,
        "8": 0.3885135135135135,
        "9": 0.37922297297297297,
        "10": 0.3927364864864865,
        "11": 0.3918918918918919
      },
      "mlp": {
        "0": 0.3277027027027027,
        "1": 0.3471283783783784,
        "2": 0.3640202702702703,
        "3": 0.36486486486486486,
        "4": 0.3952702702702703,
        "5": 0.3766891891891892,
        "6": 0.36908783783783783,
        "7": 0.40625,
        "8": 0.4206081081081081,
        "9": 0.4214527027027027,
        "10": 0.4028716216216216,
        "11": 0.3766891891891892
      }
    },
    "0.45": {
      "ridge": {
        "0": 0.27533783783783783,
        "1": 0.2905405405405405,
        "2": 0.33192567567567566,
        "3": 0.3733108108108108,
        "4": 0.3783783783783784,
        "5": 0.41469594594594594,
        "6": 0.40202702702702703,
        "7": 0.39864864864864863,
        "8": 0.39611486486486486,
        "9": 0.3935810810810811,
        "10": 0.39864864864864863,
        "11": 0.3902027027027027
      },
      "mlp": {
        "0": 0.33530405405405406,
        "1": 0.3530405405405405,
        "2": 0.36739864864864863,
        "3": 0.37922297297297297,
        "4": 0.40540540540540543,
        "5": 0.4045608108108108,
        "6": 0.40709459459459457,
        "7": 0.4510135135135135,
        "8": 0.4282094594594595,
        "9": 0.4206081081081081,
        "10": 0.40625,
        "11": 0.3842905405405405
      }
    },
    "0.60": {
      "ridge": {
        "0": 0.32432432432432434,
        "1": 0.3158783783783784,
        "2": 0.3547297297297297,
        "3": 0.40118243243243246,
        "4": 0.3935810810810811,
        "5": 0.4341216216216216,
        "6": 0.4282094594594595,
        "7": 0.42567567567567566,
        "8": 0.4045608108108108,
        "9": 0.39949324324324326,
        "10": 0.4096283783783784,
        "11": 0.3918918918918919
      },
      "mlp": {
        "0": 0.3530405405405405,
        "1": 0.36739864864864863,
        "2": 0.3885135135135135,
        "3": 0.42736486486486486,
        "4": 0.44003378378378377,
        "5": 0.4239864864864865,
        "6": 0.4375,
        "7": 0.42989864864864863,
        "8": 0.4155405405405405,
        "9": 0.4248310810810811,