{
  "part": "C \u2014 two budgets + entropy lens (pre-reg \u00a7C)",
  "pre_registered_as": "DESCRIPTIVE; emits NO token (no decision rule fires here)",
  "bootstrap_unit": "video",
  "s_grid": [
    0.05,
    0.15,
    0.25,
    0.35,
    0.45,
    0.6,
    0.75,
    0.9
  ],
  "s_low": 0.05,
  "s_mid": 0.45,
  "per_axis": {
    "presence": {
      "is_embedding": "False",
      "observational": {
        "cfg1": {
          "conditioning": 0.8132916666666666,
          "seed": 0.09862878787878789,
          "trajectory": 0.08227272727272726,
          "residual": 0.05356060606060606
        },
        "cfg45": {
          "conditioning": 0.8334166666666667,
          "seed": 0.08349242424242424,
          "trajectory": 0.07151515151515152,
          "residual": 0.05712121212121211
        },
        "conditioning_share_cfg1": 0.8132916666666666,
        "conditioning_share_cfg45": 0.8334166666666667,
        "conditioning_share_delta_cfg1_to_cfg45": 0.02012500000000006,
        "s_commit_cfg1": 0.2141592920353982,
        "s_commit_cfg45": 0.20000000000000007
      },
      "causal_conditioning_responsiveness": {
        "_label": "cond-swap FOLLOW/RETENTION; NOT the observational conditioning share",
        "follow_rate_low_s": 0.85,
        "follow_rate_mid_s": 0.5384615384615384,
        "retention_rate_high_s": 1.0,
        "s_cond": 0.75,
        "sanity_passed": true,
        "follow_ok": true,
        "retention_ok": true,
        "by_s": {
          "0.05": {
            "follow_rate": 0.85,
            "retention_rate": 0.8,
            "neither_rate": 0.15,
            "n": 20,
            "kind": "categorical"
          },
          "0.15": {
            "follow_rate": 0.8181818181818182,
            "retention_rate": 0.7727272727272727,
            "neither_rate": 0.18181818181818182,
            "n": 22,
            "kind": "categorical"
          },
          "0.25": {
            "follow_rate": 0.7777777777777778,
            "retention_rate": 0.8888888888888888,
            "neither_rate": 0.1111111111111111,
            "n": 18,
            "kind": "categorical"
          },
          "0.35": {
            "follow_rate": 0.75,
            "retention_rate": 0.625,
            "neither_rate": 0.25,
            "n": 8,
            "kind": "categorical"
          },
          "0.45": {
            "follow_rate": 0.5384615384615384,
            "retention_rate": 0.6153846153846154,
            "neither_rate": 0.3076923076923077,
            "n": 13,
            "kind": "categorical"
          },
          "0.6": {
            "follow_rate": 0.6666666666666666,
            "retention_rate": 1.0,
            "neither_rate": 0.0,
            "n": 12,
            "kind": "categorical"
          },
          "0.75": {
            "follow_rate": 0.4,
            "retention_rate": 0.8,
            "neither_rate": 0.2,
            "n": 5,
            "kind": "categorical"
          },
          "0.9": {
            "follow_rate": 0.6,
            "retention_rate": 1.0,
            "neither_rate": 0.0,
            "n": 5,
            "kind": "categorical"
          }
        }
      },
      "divergence_flag": false
    },
    "timing": {
      "is_embedding": "False",
      "observational": {
        "cfg1": {
          "conditioning": 0.90275,
          "seed": 0.0826098484848485,
          "trajectory": 0.032878787878787875,
          "residual": 0.006893939393939394
        },
        "cfg45": {
          "conditioning": 0.8250416666666667,
          "seed": 0.1121628787878788,
          "trajectory": 0.07568181818181818,
          "residual": 0.01863636363636364
        },
        "conditioning_share_cfg1": 0.90275,
        "conditioning_share_cfg45": 0.8250416666666667,
        "conditioning_share_delta_cfg1_to_cfg45": -0.07770833333333338,
        "s_commit_cfg1": 0.11363636363636369,
        "s_commit_cfg45": 0.18275862068965518
      },
      "causal_conditioning_responsiveness": {
        "_label": "cond-swap FOLLOW/RETENTION; NOT the observational conditioning share",
        "follow_rate_low_s": 0.9,
        "follow_rate_mid_s": 0.6923076923076923,
        "retention_rate_high_s": 0.8,
        "s_cond": null,
        "sanity_passed": true,
        "follow_ok": true,
        "retention_ok": true,
        "by_s": {
          "0.05": {
            "follow_rate": 0.9,
            "retention_rate": 0.9,
            "neither_rate": 0.05,
            "n": 20,
            "kind": "categorical"
          },
          "0.15": {
            "follow_rate": 0.9090909090909091,
            "retention_rate": 0.9545454545454546,
            "neither_rate": 0.0,
            "n": 22,
            "kind": "categorical"
          },
          "0.25": {
            "follow_rate": 0.7777777777777778,
            "retention_rate": 0.8888888888888888,
            "neither_rate": 0.0,
            "n": 18,
            "kind": "categorical"
          },
          "0.35": {
            "follow_rate": 0.875,
            "retention_rate": 1.0,
            "neither_rate": 0.0,
            "n": 8,
            "kind": "categorical"
          },
          "0.45": {
            "follow_rate": 0.6923076923076923,
            "retention_rate": 1.0,
            "neither_rate": 0.0,
            "n": 13,
            "kind": "categorical"
          },
          "0.6": {
            "follow_rate": 0.75,
            "retention_rate": 1.0,
            "neither_rate": 0.0,
            "n": 12,
            "kind": "categorical"
          },
          "0.75": {
            "follow_rate": 0.8,
            "retention_rate": 0.8,
            "neither_rate": 0.0,
            "n": 5,
            "kind": "categorical"
          },
          "0.9": {
            "follow_rate": 0.8,
            "retention_rate": 0.8,
            "neither_rate": 0.0,
            "n": 5,
            "kind": "categorical"
          }
        }
      },
      "divergence_flag": false
    },
    "class": {
      "is_embedding": "False",
      "observational": {
        "cfg1": {
          "conditioning": 0.37767965367965367,
          "seed": 0.2307280424031693,
          "trajectory": 0.3498287472425403,
          "residual": 0.08211090496804782
        },
        "cfg45": {
          "conditioning": 0.5080090504332928,
          "seed": 0.181937991461801,
          "trajectory": 0.28463419481383556,
          "residual": 0.06088158105701964
        },
        "conditioning_share_cfg1": 0.37767965367965367,
        "conditioning_share_cfg45": 0.5080090504332928,
        "conditioning_share_delta_cfg1_to_cfg45": 0.13032939675363914,
        "s_commit_cfg1": 0.34593023255813954,
        "s_commit_cfg45": 0.3264900662251655
      },
      "causal_conditioning_responsiveness": {
        "_label": "cond-swap FOLLOW/RETENTION; NOT the observational conditioning share",
        "follow_rate_low_s": 0.45,
        "follow_rate_mid_s": 0.23076923076923078,
        "retention_rate_high_s": 1.0,
        "s_cond": 0.05,
        "sanity_passed": false,
        "follow_ok": false,
        "retention_ok": true,
        "by_s": {
          "0.05": {
            "follow_rate": 0.45,
            "retention_rate": 0.2,
            "neither_rate": 0.4,
            "n": 20,
            "kind": "categorical"
          },
          "0.15": {
            "follow_rate": 0.3181818181818182,
            "retention_rate": 0.18181818181818182,
            "neither_rate": 0.5454545454545454,
            "n": 22,
            "kind": "categorical"
          },
          "0.25": {
            "follow_rate": 0.2222222222222222,
            "retention_rate": 0.1111111111111111,
            "neither_rate": 0.7222222222222222,
            "n": 18,
            "kind": "categorical"
          },
          "0.35": {
            "follow_rate": 0.25,
            "retention_rate": 0.25,
            "neither_rate": 0.625,
            "n": 8,
            "kind": "categorical"
          },