{
  "_doc": "B4 oracle->non-oracle bridge (pre-reg \u00a7B4). OFFLINE, CPU. Proxy-correctness (per-clip majority self-target). Non-oracle scorer = Phase-2 external readout accuracy as the per-axis floor; class uses the external audio-tagger (B1 internal class head unavailable). Bootstrap unit = video. Never pauses.",
  "split": "eval",
  "n_clips": 74,
  "seed": 0,
  "n_noise": 64,
  "n_boot": 2000,
  "num_steps": 25,
  "diffrs_tau": 0.9976354117983408,
  "smc_temp": 0.1,
  "gates": [
    {
      "s": 0.25,
      "axes": [
        "presence",
        "timing"
      ]
    },
    {
      "s": 0.35,
      "axes": [
        "class"
      ]
    },
    {
      "s": 0.75,
      "axes": [
        "material"
      ]
    }
  ],
  "readout_acc_at_commit": {
    "presence": 0.66875,
    "timing": 0.965,
    "class": 0.345,
    "material": 0.9626053630092742
  },
  "gate_window_s": {
    "presence": 0.25,
    "timing": 0.25,
    "class": 0.35,
    "material": 0.75
  },
  "policy_means": {
    "non_oracle_axis_gated": {
      "_label": "non_oracle_axis_gated",
      "final": 0.33614864864864863,
      "correct_presence": 0.9518581081081081,
      "correct_timing": 0.9904983108108109,
      "correct_class": 0.4875422297297297,
      "correct_material": 0.7075591216216216
    },
    "oracle_axis_gated": {
      "_label": "oracle_axis_gated",
      "final": 0.7432432432432432,
      "correct_presence": 1.0,
      "correct_timing": 1.0,
      "correct_class": 0.9864864864864865,
      "correct_material": 0.7432432432432432
    },
    "full_bon": {
      "_label": "full_bon",
      "final": 0.33783783783783783,
      "correct_presence": 0.8783783783783784,
      "correct_timing": 0.8378378378378378,
      "correct_class": 0.6216216216216216,
      "correct_material": 0.6486486486486487
    },
    "same_compute_bon": {
      "_label": "same_compute_bon",
      "final": 0.2702702702702703,
      "correct_presence": 0.8783783783783784,
      "correct_timing": 0.8378378378378378,
      "correct_class": 0.6351351351351351,
      "correct_material": 0.6486486486486487
    },
    "diffrs_scalar": {
      "_label": "final_window_scalar_reject",
      "final": 0.33783783783783783,
      "correct_presence": 0.8783783783783784,
      "correct_timing": 0.8378378378378378,
      "correct_class": 0.6216216216216216,
      "correct_material": 0.6486486486486487
    },
    "smc_scalar": {
      "_label": "final_window_scalar_resample",
      "final": 0.3108108108108108,
      "correct_presence": 0.8783783783783784,
      "correct_timing": 0.8378378378378378,
      "correct_class": 0.5945945945945946,
      "correct_material": 0.6621621621621622
    },
    "final_rerank": {
      "_label": "final_rerank",
      "final": 0.33783783783783783,
      "correct_presence": 0.8783783783783784,
      "correct_timing": 0.8378378378378378,
      "correct_class": 0.6216216216216216,
      "correct_material": 0.6486486486486487
    },
    "random_prune": {
      "_label": "random_prune",
      "final": 0.35135135135135137,
      "correct_presence": 0.8918918918918919,
      "correct_timing": 0.8918918918918919,
      "correct_class": 0.6486486486486487,
      "correct_material": 0.6486486486486487
    }
  },
  "per_axis_recovery": {
    "presence": {
      "recovery": 0.6041666666666666,
      "ci_lo": 0.1288085937499996,
      "ci_hi": 0.6703160511363632,
      "non_oracle": 0.9518581081081081,
      "oracle": 1.0,
      "scalar_floor": 0.8783783783783784,
      "scalar_floor_policy": "full_bon",
      "readout_acc": 0.66875,
      "gate_window_s": 0.25,
      "class_floor_note": null,
      "calibration": "CALIBRATED_ACCURACY"
    },
    "timing": {
      "recovery": 0.9414062500000003,
      "ci_lo": 0.8875000000000005,
      "ci_hi": 0.9616495028409093,
      "non_oracle": 0.9904983108108109,
      "oracle": 1.0,
      "scalar_floor": 0.8378378378378378,
      "scalar_floor_policy": "full_bon",
      "readout_acc": 0.965,
      "gate_window_s": 0.25,
      "class_floor_note": null,
      "calibration": "CALIBRATED_ACCURACY"
    },
    "class": {
      "recovery": 0.0,
      "ci_lo": 0.0,
      "ci_hi": 0.0,
      "non_oracle": 0.4875422297297297,
      "oracle": 0.9864864864864865,
      "scalar_floor": 0.6351351351351351,
      "scalar_floor_policy": "same_compute_bon",
      "readout_acc": 0.345,
      "gate_window_s": 0.35,
      "class_floor_note": "external audio-tagger readout (B1 internal class head unavailable)",
      "calibration": "CALIBRATED_ACCURACY"
    },
    "material": {
      "recovery": 0.5598958333333334,
      "ci_lo": 0.0,
      "ci_hi": 1.0,
      "non_oracle": 0.7075591216216216,
      "oracle": 0.7432432432432432,
      "scalar_floor": 0.6621621621621622,
      "scalar_floor_policy": "smc_scalar",
      "readout_acc": 0.9626053630092742,
      "gate_window_s": 0.75,
      "class_floor_note": null,
      "calibration": "UNCALIBRATED_COSINE"
    }
  },
  "mean_per_axis_recovery": {
    "incl_material": {
      "_label": "diagnostic_including_uncalibrated_material_cosine",
      "citable": false,
      "recovery": 0.5263671875000001,
      "ci_lo": 0.31118607954545474,
      "ci_hi": 0.6369547526041666
    },
    "excl_material": {
      "_label": "citable_calibrated_axes_only",
      "citable": true,
      "recovery": 0.5151909722222223,
      "ci_lo": 0.360403645833333,
      "ci_hi": 0.5378480113636365
    }
  },
  "overall_final_recovery": {
    "recovery": 0.0,
    "ci_lo": 0.0,
    "ci_hi": 0.12771206559806023,
    "non_oracle": 0.33614864864864863,
    "oracle": 0.7432432432432432,
    "scalar_floor": 0.33783783783783783,
    "scalar_floor_policy": "full_bon"
  },
  "decision_token": "BRIDGE_PARTIAL",
  "decision_rule": ">=0.5 BRIDGE_METHOD; 0.2-0.5 BRIDGE_PARTIAL; <0.2 BRIDGE_WEAK (on mean per-axis recovery)",
  "decision_robustness": {
    "seeds": [
      1,
      2,
      3
    ],
    "mean_recovery": [
      0.48379629629629645,
      0.5025252525252526,
      0.46428571428571447
    ],
    "ci_lo": [
      0.3462294541396102,
      0.31822798295454535,
      0.3088842147435898
    ],
    "ci_hi": [
      0.5132588909932662,
      0.5426357886904759,
      0.5154019407242063
    ],
    "token": [
      "BRIDGE_PARTIAL",
      "BRIDGE_PARTIAL",
      "BRIDGE_PARTIAL"
    ],
    "point_token": [
      "BRIDGE_PARTIAL",
      "BRIDGE_METHOD",
      "BRIDGE_PARTIAL"
    ],
    "per_axis": [
      {
        "presence": 0.5312500000000003,
        "timing": 0.920138888888889,
        "class": 0.0,
        "material": 0.6588541666666672
      },
      {
        "presence": 0.5729166666666667,
        "timing": 0.9346590909090909,
        "class": 0.0,
        "material": 0.33984375000000044
      },
      {
        "presence": 0.4709821428571432,
        "timing": 0.9218750000000003,
        "class": 0.0,
        "material": 0.4250000000000003
      }
    ],
    "mean_recovery_incl_material": [
      0.5275607638888891,
      0.46185487689393956,
      0.45446428571428593
    ],
    "mean_recovery_min": 0.46428571428571447,
    "mean_recovery_max": 0.5025252525252526,
    "token_stable": true,
    "straddles_method_threshold": true
  },
  "scoring_call_ledger": {
    "oracle_axis_gated": {
      "_label": "oracle_axis_gated",
      "exact_scoring_calls": 3070,
      "replays": 1
    },
    "full_bon": {
      "_label": "full_bon",
      "exact_scoring_calls": 1184,
      "replays": 1
    },
    "same_compute_bon": {
      "_label": "same_compute_bon",
      "exact_scoring_calls": 753,
      "replays": 1
    },
    "diffrs_scalar": {
      "_label": "final_window_scalar_reject",
      "exact_scoring_calls": 1795,
      "replays": 1
    },
    "smc_scalar": {
      "_label": "final_window_scalar_resample",
      "exact_scoring_calls": 1958,
      "replays": 1
    },
    "final_rerank": {
      "_label": "final_rerank",
      "exact_scoring_calls": 1184,
      "replays": 1
    },
    "random_prune": {
      "_label": "random_prune",
      "exact_scoring_calls": 1776,