{
  "_doc": "Track P internal-feature probes (\u00a77) \u2014 NON-GATING. best-layer linear probe accuracy per (axis, s); s_read_internal vs \u03b8_read.",
  "theta_read": 0.7,
  "tag": "p1cfg1",
  "axes": {
    "presence": {
      "best_layer_acc": {
        "0.05": 0.8015202702702703,
        "0.15": 0.8412162162162162,
        "0.25": 0.8513513513513513,
        "0.35": 0.8555743243243243,
        "0.45": 0.8682432432432432,
        "0.6": 0.8657094594594594,
        "0.75": 0.8733108108108109,
        "0.9": 0.8665540540540541
      },
      "best_layer": {
        "0.05": 6,
        "0.15": 11,
        "0.25": 11,
        "0.35": 11,
        "0.45": 10,
        "0.6": 10,
        "0.75": 4,
        "0.9": 11
      },
      "s_read_internal": 0.05
    },
    "timing": {
      "best_layer_acc": {
        "0.05": 0.9282094594594594,
        "0.15": 0.9307432432432432,
        "0.25": 0.9324324324324325,
        "0.35": 0.9341216216216216,
        "0.45": 0.9324324324324325,
        "0.6": 0.933277027027027,
        "0.75": 0.933277027027027,
        "0.9": 0.9341216216216216
      },
      "best_layer": {
        "0.05": 5,
        "0.15": 10,
        "0.25": 11,
        "0.35": 11,
        "0.45": 7,
        "0.6": 2,
        "0.75": 2,
        "0.9": 1
      },
      "s_read_internal": 0.05
    },
    "class": {
      "best_layer_acc": {
        "0.05": 0.30574324324324326,
        "0.15": 0.34375,
        "0.25": 0.38513513513513514,
        "0.35": 0.3935810810810811,
        "0.45": 0.41469594594594594,
        "0.6": 0.4341216216216216,
        "0.75": 0.4375,
        "0.9": 0.4231418918918919
      },
      "best_layer": {
        "0.05": 6,
        "0.15": 11,
        "0.25": 10,
        "0.35": 7,
        "0.45": 5,
        "0.6": 5,
        "0.75": 6,
        "0.9": 6
      },
      "s_read_internal": NaN
    }
  }
}